movie_id,title,year,genres,keywords
1,3 Idiots,2009,Comedy|Drama,college friendship engineering education pressure
2,Dangal,2016,Drama|Sport,wrestling father daughters india champion
3,Lagaan,2001,Drama|Sport|Musical,cricket village british colonial india
4,Zindagi Na Milegi Dobara,2011,Comedy|Drama,friends road trip spain adventure
5,PK,2014,Comedy|Sci-Fi,alien religion satire india
6,Dil Chahta Hai,2001,Comedy|Drama|Romance,friends goa youth relationships
7,Andhadhun,2018,Thriller|Crime|Comedy,pianist blind murder twist
8,Drishyam,2015,Thriller|Crime|Drama,family cover-up police mystery
9,Gully Boy,2019,Drama|Musical,rap mumbai street dream
10,Swades,2004,Drama,nri village development homeland
11,Kabir Singh,2019,Drama|Romance,doctor love anger
12,Barfi,2012,Comedy|Drama|Romance,deaf mute love darjeeling
13,The Shawshank Redemption,1994,Drama|Crime,prison hope friendship escape
14,The Godfather,1972,Crime|Drama,mafia family power
15,The Dark Knight,2008,Action|Crime|Thriller,batman joker gotham chaos
16,Inception,2010,Sci-Fi|Action|Thriller,dreams heist subconscious mind
17,Interstellar,2014,Sci-Fi|Drama|Adventure,space time black hole father
18,The Matrix,1999,Sci-Fi|Action,simulation hacker reality ai
19,Pulp Fiction,1994,Crime|Drama|Thriller,hitmen los angeles nonlinear
20,Fight Club,1999,Drama|Thriller,insomnia underground identity
21,Forrest Gump,1994,Drama|Romance|Comedy,history simple life love
22,Gladiator,2000,Action|Drama|Adventure,rome revenge arena
23,Titanic,1997,Drama|Romance,ship love disaster
24,Avengers: Endgame,2019,Action|Sci-Fi|Adventure,superheroes time travel thanos
25,Iron Man,2008,Action|Sci-Fi|Adventure,billionaire suit technology
26,Toy Story,1995,Animation|Comedy|Family,toys friendship adventure
27,The Lion King,1994,Animation|Drama|Family,lion cub kingdom revenge
28,Spirited Away,2001,Animation|Fantasy|Adventure,spirits bathhouse girl japan
29,Parasite,2019,Thriller|Drama|Comedy,class poor rich family twist
30,The Prestige,2006,Drama|Thriller|Sci-Fi,magicians rivalry illusion obsession
31,Se7en,1995,Crime|Thriller|Drama,detectives serial killer sins
32,The Social Network,2010,Drama,facebook founder startup lawsuit
33,Whiplash,2014,Drama|Musical,drummer teacher obsession jazz
34,Joker,2019,Crime|Drama|Thriller,clown gotham mental society
35,Mr. Robot S1,2015,Drama|Thriller|Crime,hacker anxiety society fsociety
36,A Beautiful Mind,2001,Drama|Biography,mathematician schizophrenia genius
37,Good Will Hunting,1997,Drama|Romance,genius janitor therapist
38,Coco,2017,Animation|Family|Fantasy,music family afterlife mexico
39,Harry Potter and the Sorcerer's Stone,2001,Fantasy|Adventure|Family,wizard school magic
40,Lord of the Rings: Fellowship,2001,Fantasy|Adventure|Action,ring quest hobbit wizard
