user_id,movie_id,rating
1,1,5
1,5,4
1,7,3
1,8,4
1,9,5
1,10,4
1,13,4
1,14,3
1,15,3
1,16,2
1,17,3
1,22,2
1,29,4
1,30,3
1,31,3
1,33,5
1,34,3
1,38,2
1,40,1
2,5,3
2,6,3
2,7,4
2,10,5
2,13,4
2,14,5
2,17,3
2,18,3
2,19,5
2,20,5
2,23,4
2,24,3
2,27,3
2,31,5
2,36,3
2,38,3
2,39,2
3,1,2
3,4,1
3,5,5
3,8,2
3,9,3
3,10,1
3,12,2
3,13,1
3,16,4
3,17,4
3,20,1
3,24,5
3,25,5
3,26,3
3,27,3
3,28,3
3,31,2
3,32,3
3,33,3
3,37,2
3,38,2
4,2,2
4,4,2
4,5,2
4,8,2
4,12,3
4,18,2
4,20,2
4,21,3
4,29,2
4,30,3
4,33,2
4,37,2
4,38,5
5,1,5
5,8,3
5,10,4
5,11,4
5,12,4
5,16,3
5,17,4
5,20,5
5,21,4
5,25,2
5,27,2
5,28,1
5,29,5
5,30,5
5,33,3
5,37,3
5,39,3
6,4,5
6,5,4
6,9,4
6,10,4
6,14,4
6,15,3
6,19,3
6,25,2
6,30,2
6,32,5
6,33,4
6,36,3
6,37,4
6,38,1
6,40,3
7,1,4
7,3,3
7,5,2
7,6,3
7,9,3
7,10,5
7,12,3
7,18,2
7,19,5
7,20,5
7,23,3
7,25,3
7,26,1
7,30,5
7,32,5
7,37,4
8,1,1
8,2,2
8,6,2
8,7,2
8,10,1
8,11,2
8,14,2
8,17,4
8,19,2
8,20,2
8,21,2
8,36,1
8,37,1
8,40,3
9,1,2
9,3,2
9,4,1
9,5,1
9,9,1
9,14,2
9,15,1
9,22,3
9,23,2
9,24,3
9,27,3
9,29,2
9,30,2
9,32,2
9,34,1
9,35,2
9,37,2
9,38,4
9,39,5
10,6,4
10,7,4
10,10,5
10,13,3
10,14,3
10,17,4
10,20,5
10,22,3
10,23,3
10,27,4
10,28,2
10,30,4
10,33,3
11,6,5
11,7,2
11,9,4
11,10,5
11,11,5
11,12,4
11,14,4
11,15,1
11,16,2
11,24,2
11,25,2
11,31,2
11,33,5
11,34,3
11,35,2
11,36,3
11,37,4
11,40,2
12,1,3
12,2,3
12,4,4
12,6,3
12,13,5
12,17,3
12,19,5
12,20,5
12,22,3
12,24,1
12,30,3
12,33,3
12,34,4
12,35,4
12,36,4
12,38,2
12,39,1
13,11,1
13,12,2
13,14,3
13,15,3
13,19,1
13,20,2
13,21,2
13,22,5
13,27,2
13,28,3
13,31,2
13,35,2
13,38,3
13,40,5
14,2,2
14,3,3
14,9,2
14,10,2
14,12,1
14,17,4
14,18,2
14,19,1
14,20,2
14,24,3
14,27,3
14,30,2
14,35,2
15,1,3
15,3,2
15,5,4
15,7,3
15,8,3
15,9,3
15,11,3
15,13,2
15,18,3
15,27,3
15,30,4
15,34,3
15,35,4
15,37,2
15,38,1
16,1,4
16,7,3
16,8,2
16,9,4
16,11,5
16,12,5
16,13,3
16,15,2
16,16,2
16,17,3
16,19,2
16,21,4
16,23,4
16,25,2
16,26,3
16,30,4
16,31,3
16,35,2
16,37,4
16,40,1
17,7,3
17,11,3
17,12,4
17,13,4
17,17,3
17,22,4
17,23,4
17,30,4
17,38,2
17,39,3
18,1,2
18,2,3
18,3,1
18,5,4
18,7,2
18,9,2
18,14,3
18,16,4
18,18,5
18,19,1
18,21,3
18,25,5
18,26,3
18,32,2
18,33,2
18,35,2
18,36,2
18,38,3
18,39,4
19,1,2
19,3,2
19,4,2
19,5,1
19,6,2
19,12,2
19,15,2
19,19,1
19,25,3
19,26,4
19,27,3
19,28,4
19,33,1
19,37,1
19,39,4
20,3,3
20,4,5
20,6,3
20,7,3
20,11,2
20,12,3
20,18,4
20,20,4
20,21,3
20,23,3
20,30,4
20,33,3
20,34,4
20,35,5
20,38,2
20,40,2
21,1,4
21,2,5
21,4,4
21,5,4
21,7,3
21,11,5
21,13,3
21,17,2
21,18,2
21,19,3
21,20,4
21,21,5
21,22,3
21,23,5
21,26,2
21,28,3
21,34,3
21,35,2
21,39,3
22,3,3
22,4,4
22,5,2
22,8,5
22,12,3
22,16,3
22,28,2
22,29,4
22,30,4
22,31,5
22,33,3
23,4,2
23,6,3
23,8,2
23,11,2
23,14,3
23,15,3
23,16,5
23,20,3
23,21,3
23,26,2
23,27,2
23,30,2
23,31,2
23,32,3
23,40,3
24,1,2
24,3,3
24,4,3
24,5,2
24,9,1
24,10,3
24,11,2
24,14,3
24,18,2
24,22,3
24,26,5
24,28,4
24,29,1
24,32,2
24,33,1
24,35,1
24,38,5
24,40,3
25,2,3
25,3,3
25,4,4
25,6,4
25,7,5
25,10,4
25,11,4
25,12,3
25,15,3
25,20,5
25,21,4
25,25,3
25,28,2
25,29,5
25,32,4
25,33,4
25,35,3
25,38,2
26,1,5
26,2,5
26,7,4
26,9,5
26,15,2
26,16,2
26,17,3
26,22,3
26,24,2
26,26,4
26,27,3
26,30,4
26,38,2
26,40,2
27,2,3
27,4,3
27,5,2
27,7,3
27,10,4
27,14,4
27,17,3
27,18,2
27,19,4
27,22,2
27,26,1
27,27,2
27,30,3
27,31,4
27,34,5
27,35,4
27,40,1
28,1,1
28,2,1
28,9,2
28,10,2
28,11,3
28,13,2
28,15,2
28,16,5
28,20,2
28,25,5
28,27,1
28,31,2
28,32,2
28,33,2
28,37,1
28,40,4
29,1,3
29,3,2
29,8,1
29,9,2
29,16,1
29,21,2
29,24,3
29,26,4
29,29,1
29,30,2
29,32,2
29,33,2
29,34,2
29,36,2
29,37,2
29,39,5
30,1,4
30,2,4
30,4,5
30,5,5
30,15,3
30,18,3
30,21,4
30,24,3
30,26,3
30,29,4
30,30,5
30,31,4
30,35,4
30,37,4
30,38,2
30,39,2
31,2,4
31,9,3
31,15,2
31,19,3
31,21,5
31,22,3
31,29,4
31,30,3
31,33,5
31,34,3
31,35,3
32,1,3
32,3,3
32,4,3
32,5,3
32,6,4
32,7,3
32,8,4
32,13,4
32,14,4
32,16,2
32,18,1
32,20,4
32,23,3
32,25,1
32,28,2
32,35,5
32,37,2
32,38,1
33,3,2
33,6,2
33,12,2
33,14,2
33,21,2
33,23,2
33,24,5
33,27,1
33,32,2
33,33,2
33,34,2
33,35,3
33,38,2
34,1,2
34,2,1
34,5,2
34,6,2
34,8,1
34,9,2
34,16,2
34,17,3
34,18,1
34,21,1
34,25,3
34,26,3
34,27,3
34,29,1
34,33,2
34,37,2
34,39,4
34,40,5
35,1,5
35,3,3
35,9,4
35,12,4
35,15,3
35,16,4
35,18,4
35,19,5
35,24,3
35,25,3
35,27,4
35,32,5
35,33,4
35,36,4
35,37,3
35,38,2
35,40,2
36,2,4
36,3,5
36,4,5
36,5,4
36,6,5
36,16,3
36,18,2
36,21,5
36,28,2
36,32,5
36,34,3
36,37,5
37,2,3
37,5,2
37,8,5
37,12,3
37,14,5
37,16,4
37,21,2
37,22,3
37,23,3
37,26,3
37,27,2
37,31,5
37,36,3
38,1,2
38,2,3
38,7,1
38,9,2
38,15,3
38,17,4
38,19,2
38,24,5
38,25,5
38,28,3
38,32,2
38,38,2
38,39,3
38,40,4
39,4,2
39,6,2
39,9,3
39,10,3
39,12,1
39,14,3
39,17,3
39,18,2
39,20,2
39,22,3
39,27,4
39,30,2
39,31,1
39,33,2
39,35,3
39,40,3
40,1,4
40,2,3
40,4,4
40,5,5
40,6,4
40,7,4
40,11,4
40,12,5
40,13,4
40,14,3
40,15,4
40,20,5
40,21,4
40,23,3
40,25,3
40,26,3
40,28,3
40,29,5
40,30,5
40,33,3
40,36,4
40,37,4
40,38,2
41,4,4
41,5,4
41,6,4
41,14,3
41,21,4
41,23,4
41,32,5
41,34,2
41,37,5
41,40,2
42,3,3
42,8,5
42,12,3
42,15,4
42,17,3
42,18,3
42,23,3
42,24,3
42,28,3
42,29,4
42,30,3
42,31,5
42,33,3
42,34,5
42,36,3
42,38,2
43,1,2
43,2,1
43,4,2
43,9,1
43,14,1
43,15,2
43,16,3
43,20,2
43,21,2
43,27,2
43,28,2
43,29,2
43,30,3
43,38,2
43,39,3
43,40,3
44,1,1
44,4,2
44,5,2
44,6,1
44,8,2
44,10,1
44,13,3
44,14,2
44,19,2
44,20,1
44,23,2
44,24,3
44,25,3
44,27,4
44,29,2
44,32,3
44,38,5
45,4,5
45,9,3
45,11,4
45,13,4
45,18,4
45,19,4
45,21,4
45,22,3
45,26,3
45,28,3
45,30,5
45,33,4
45,35,4
45,37,4
45,39,2
45,40,2
46,1,5
46,3,4
46,4,4
46,6,5
46,7,4
46,12,5
46,14,4
46,15,2
46,18,2
46,20,3
46,25,2
46,29,4
46,31,3
46,33,5
46,34,3
47,1,3
47,3,3
47,4,5
47,6,2
47,13,5
47,14,4
47,19,5
47,20,5
47,21,3
47,26,2
47,29,4
47,30,5
47,33,3
47,35,4
47,39,3
48,1,2
48,4,2
48,5,3
48,10,3
48,11,3
48,14,2
48,15,3
48,18,4
48,21,2
48,22,4
48,24,5
48,26,2
48,28,3
48,29,3
48,34,2
48,37,3
48,40,4
49,3,2
49,5,2
49,7,2
49,8,3
49,14,3
49,15,2
49,16,2
49,17,3
49,21,2
49,23,1
49,25,3
49,28,5
49,33,2
49,34,2
49,35,2
49,39,5
49,40,4
50,2,4
50,3,3
50,6,4
50,7,4
50,10,5
50,11,4
50,12,4
50,16,4
50,17,4
50,18,3
50,20,5
50,22,3
50,24,3
50,27,4
50,29,5
50,31,4
50,33,3
50,35,5
50,37,4
50,40,3
51,3,5
51,4,4
51,5,3
51,6,4
51,7,4
51,9,4
51,11,5
51,12,5
51,20,3
51,25,2
51,26,3
51,29,4
51,33,5
51,35,3
51,36,2
51,38,2
51,39,1
52,1,3
52,4,3
52,9,5
52,11,4
52,13,5
52,15,4
52,17,4
52,20,5
52,21,2
52,26,2
52,28,3
52,29,4
52,30,5
52,33,3
52,38,2
52,39,2
53,4,3
53,5,3
53,9,1
53,10,1
53,12,2
53,14,2
53,19,2
53,20,2
53,21,2
53,26,2
53,28,2
53,31,2
53,32,2
53,33,1
53,35,2
53,39,3
54,2,2
54,4,2
54,5,2
54,9,2
54,10,2
54,13,2
54,14,2
54,17,3
54,18,2
54,19,2
54,21,2
54,23,2
54,25,3
54,27,4
54,29,2
54,32,2
54,33,1
55,3,3
55,11,3
55,15,3
55,22,4
55,23,3
55,24,3
55,25,3
55,33,3
55,37,3
55,38,2
55,40,2
56,2,5
56,5,4
56,7,3
56,10,5
56,12,5
56,14,4
56,16,3
56,18,2
56,21,5
56,27,4
56,28,2
56,31,3
56,32,5
56,33,4
56,37,5
56,39,1
56,40,2
57,3,3
57,4,4
57,6,2
57,7,4
57,12,3
57,14,5
57,15,3
57,19,5
57,20,5
57,24,2
57,28,2
57,29,3
57,31,4
57,34,5
57,38,2
58,1,2
58,10,1
58,12,3
58,14,2
58,16,3
58,23,2
58,24,5
58,27,2
58,29,2
58,31,2
58,33,2
58,39,3
59,2,2
59,4,2
59,5,1
59,8,2
59,13,2
59,14,2
59,16,2
59,18,1
59,23,2
59,24,3
59,25,3
59,26,5
59,29,2
59,30,2
59,31,2
59,33,2
59,34,2
59,35,1
59,38,5
59,39,5
60,2,4
60,5,5
60,6,4
60,8,4
60,10,5
60,12,4
60,15,3
60,16,4
60,19,4
60,20,5
60,22,3
60,24,3
60,25,4
60,26,3
60,27,3
60,29,5
60,30,5
60,32,5
60,33,3
60,36,3
60,37,3
60,38,2
60,39,3
60,40,4
